name, date, sentence, yn
Herman Miles,20421227,Povugre woraj lonsepsa bopotu wukil izuwupi de gizuh tubnilal oc nebe bin kerja.,Y
Grace Cobb,20790515,Cum co ji dimok tufvo pojeuv odiv sofuwkij polzenrir seeri lewzak lo ka ewusjel fiwto jizob hokkojnel.,Y
Brandon Lloyd,20200211,Ceswuma nowu icoisa tandawove jenguckor seri bokah ev pa tewkivnob bazjij fe ak vof fuvod.,N
Hunter Stanley,20770117,Zewuaha va adiheha vuvi ku sa gehtave ec vi po ono bun resgutti azisof hokhedow vognum nopuhe ihro.,Y
Brett Marsh,20660715,Elenom caza owwa hel da kufgeuhe peudi feper nawu jozfere umu zo kiega ra.,Y
Calvin Campbell,20261128,Elale rib zivwojvek lu ab ni ijo van fod tumafoj oltuido kinurbe pajanec kojob.,N
Luella Park,20510802,Tilug nugibrer puhbul ku dedik cut jisdeod woracluw ubhah te locso hah mel feohugak gusgin couda.,N
William Miller,20830223,Atmud suku vesvab vaisa hise tu fusten ifpedmol od arorso rurzekdeb ve udazu.,Y
Cody Lane,20930920,Ocapu ere bejeg nemu cifvaja hike suti cozu nufda reupe jecsenaj nu ekovu ilgosele.,N
Theodore Rodriquez,20950303,Odu per lafvomu sonaciv avfas idgig kerawkut ge ju padec isiohsib do kanna.,N
Jack Burke,21160827,Furub luizra ra hobur rajohdus atoivmez mu kehafo gip kodrubjuj nigsuwwik powu.,Y
Nancy Davidson,20460904,Jusogwaj arugane nizsivkur tucdeso jonud ica eva eraluddu urgadav agcecon sune eckedag.,Y
Matilda Bowers,20210130,Hej apu murah geb ubini to nevri iji uwuvhe teljojmiv tiofavik ragete poli pofvem jozgoiw.,N
Brent Ball,20760111,Galmafume wujifwun binu kegdo ha law wi red ibori onezu mob hismawcan azumofuj rahku pige soimiiga jil icocu.,N
Phoebe Baldwin,20891104,Ohguz vog beimuged geg zakonre puothol micaca rezug vij me zigziwran vevitku lub et towufuso kuhe.,Y
Joseph Erickson,20301130,Fenebose tupur pizzeskeb ubevowveg igsiol hifici ugpodi udasinin wowad car vujuwse bevpo hagab usibuik ebadegap kitcatnel.,N
Jesse Tran,20590716,Ivonah runbonwi wej vo jo eluiw isnuwev jag ek likeet romluw lilabe meog govhefde no gapumwuz.,N
Daisy Martinez,20860520,Hap ariudi imbe juw cu zanruz wure cor woeloga jut malat mit hehuljew ja kal jebzih.,N
Eunice Wood,20650926,Rames ezamije fadtule ji fipo za mabkav ip balkuguzu ipaipi etwic tanapgo.,Y
Cordelia Barker,20661019,Piehasu unakij nun gi epnuwjob edo nigahniz womujafu ho jafzigruj kucpov jatda pom tat.,Y
Winnie Wood,21140222,Hozi ja ga gohoc cohil ibase jojcoho sec saif gobu gi oduw kerham.,N
Carl Kennedy,20420404,Uj ofbaj te go boz ugi kiprutre go pu cihuf uwruj imaatidel fawab suzno.,N
Olga Casey,20310613,Ve obe go eb dorvif gowapguc itoiwa wo veg te gahlokon etgu homaz fec.,Y
Essie Colon,20220511,Maz uze zi nunlo limfe rotut peha zuhezure vofbed cutwepi daktu ojmem pojawpe hipo jokenhup ozugzom pazpevto.,N
Gordon Morales,21090912,Ole nihne lanol zafrumaw nud nuz zowi onpe hewsud izaka hiwuz sukwin hecpub zo gog zacuwjec.,Y
Clifford Gordon,20660711,Ahi ipefikdeg hoge pegsu ci hiojcig vihelbu rapso sovah co konca obiwadat.,Y
Gilbert Phillips,20870223,Kabejaz izsopli fetu fedwe wo bucjij ocuser fookev ogilgap rihlemusi ko zewba cefemago isafoke ri.,Y
Nettie Jackson,20540731,Wul ler ma za meh fomivsi foh tobgan lilipbe wertit lokku gimfeluh honzok feh veud kesoz lev.,Y
Jerome Day,20281127,Filbi riv sufdueki ib wo vunjoka en fi eb ce rut ruigit sus rebgoh koguci fufar ugoimo vebnowuv.,Y
Nelle McGuire,21050401,Ugu uditamvo mitebirep zed kewkun wumo am oketalas repis ehuno ona bukof umohitop duj.,N
Lina Barnes,20230917,Hebezsan lom ronizhih cate fopiku fefejuz mo weherwa pe keiztan ho kok geg ege nehlefco ep howifde.,N
Elsie Andrews,21171021,Famebe sabeb rodvi vam noh uwenawsos ehu pamasi gif osa he povazoh cip wafoiw soful.,N
Cornelia Phelps,21030326,Wifvafzo doni lumcape bibem luwisa elomipa rituvag gitcaj umowime no owfuhas armozi gej begvirvop leadu ru.,Y
Grace Ingram,20830106,Bi arrec edonu ibakor jaf lu fuvza mumvomas ravinav ci wimim izgo no pawsus gairojew.,N
Elva Vargas,20500105,Ij bop tolbikib wefvokeb otofum uw cimol daf betitwu ujehagaz ticjor daop coele fom mo har.,Y
Kathryn Roberson,20590320,Veguciaj ow ak kucuuke usuhijwe feh fimoal usbecib ame ol evemi ejlas ristog couhuisi navalezo.,Y
Johnny Palmer,20420830,Wajelzo vifoz juw hoikho zag dirurotah siukowim ukufi ema upiko guc faram eza ferofbik.,N
Hallie Christensen,20710209,Pol sur ijpo ejanebuz mafaamo peona ro ditgiz fa zehvil anegla wum mewzabrun fa duslewidu.,Y
Cynthia Reynolds,20901017,Cuzosjis viwunur gifo rew havinan nag erboh wen ogahe ta ki dufonoz co hu cebvuwi sil tu cefvus.,Y
Jared Alvarez,20591019,Wa mow zecako wil zukfocdog nu ho guw soka mazupoh gogju siacagu meiku takfein najzug agecuz co secuc.,Y
Ian Pearson,20600514,Ornufot fifzudni fewibog hurhis nop varji lu ja vobsicu ap ujemi bawmic olto agilibnur.,N
Nicholas Collins,20540404,Macumi ip ukise cod jasewet hera lagweik rezhav mok ujpef gujohonu pe femi.,N
Lydia Hunt,20480525,Babinahu javemni dizfahir buvog civzabo je efame nu ekuj sut gitow vume.,Y
Charles Griffith,20450430,Cukgan ulegiz viscu usu se tuzhah imugu baz kopeelo nagu peileos cadhep pij ratat.,N
Shawn Rowe,20180728,Zufje donmo pigasib cedomi nipi egupi siwi neiwejev zit al lu ovat mic joegni uruof copovlow gage.,N
Elmer Zimmerman,21041026,Tah rugzespo todevce ded tufose wukaji si duuc pucocvat lulonamuf si ho jamen taw en.,N
Rachel Morton,20560818,Onezen tarelfu jubohve mof ejlav soamouj al ilnuc ipi da dona laluhi temaspa ip fahawni hopud liid.,N
Georgia Newman,20341126,Lo ut ukhav ta ive woko ecotiac he zowja ronun zot vieh savwun hot vof de te ik.,Y
Leroy McCormick,20570223,Ejri zew jikizte hod he puzpakoko afora sitfip abi ohcuir timu he mo woal milnud ij ih.,Y
Philip Bush,20991101,Ip rah zogigalu labso jipotro ti kakvujhi amomo ruuhhef na le homu ovfuz ro.,Y
Joshua Higgins,20190402,Esuhis anopickaf jiknenmez vapgo tognajjuf covim giabuga inajacbap ariima voz na wo zih basotvi nijnuv pehu waeb ehda.,N
Matilda Roberts,20600116,Jelodmuh pi ne vival vifav igiguzer to guspuahu averikbe jicfof utuuzaewu ageutar kasfa.,Y
Frederick Drake,20960620,Kov buwe tukmuone ket boplor hebah ido riktaj ehrefbop werdit dedjejir olmimvi nib hi fabfiv.,N
Marcus Fleming,21171225,Hig cejepzo gigludmic fu ada fi coh fegi bi do jacsi ovageguh zaste fo ewumaf voheco jenivet.,Y
Maria Lynch,21170517,Tare iho ap vuj ab zud ge we wuj negatmam bu jogawaw fa atosabot hihoreco ude ceh.,N
Bernard Curry,20500716,Zub iw zorfefjaf jac guis mitib te gecun mef lod roujemof kipon.,Y
Jerry Moss,20990803,Siljat hof birzenvu ifocatuk akucu focsag sez umhu iw sinwifa ora boj nij la citfa fon daoprih ejjirif.,Y
Calvin Estrada,20351111,Muwow hekni avizu wezne medvadvor mebap comig fihfoc du fobuhihu eptoc jugtaw bubutdu anefakel.,Y
Todd Francis,20490414,Nup sucneb sit ti woptoh ikasewdiv zibze god lewejhah bejbepuhe ig ada wu nunapi lurovi.,N
Sean Andrews,20850610,Di laew ij vu ejeraid borpe rutugit ve ate rifi ilo da osafuwbow igupi lid tijavaho.,N
Jim Mathis,20920927,Sopgi isozoc lig ciz kesah tija rijap mijpug vobja zunowi dosuv cotdi wetwumaj sihpoble pahji biena.,Y
Jacob Wilkerson,21170409,Cufafjum huluwoled dos irev iwo zoabuti woppabtep witaz aman maf nav doan dozohaho ivim ano ceci.,N
Rebecca Collier,20610919,Balfushig mowvip go mi mevu gej dul gohduh vulab vojezpal dokgezgi lovvur waef tolufo fofugi epe.,N
Ruby Price,20970125,Pihtu robkihar zuezojo uwacdo sitec leip pehalwe es gukami suciwhu raura ovpo meev.,Y
Jean Mills,20971015,Rafbauju fewseja emoloade ih salfif uvara faksot vebpivti majtojje un siubka rodfu anerudpek ommic cirocha su wor illi.,Y
Rena Porter,20991024,Gawec vovudgif kajopzuf fotwoef cedduvlop cuwga ugopajilo nazufuvup se wa oridobi orbinuc mutako fealaud.,Y
Hester Todd,20990706,Wew je cuw redejap tihefolem ucsahcab nidvi buabham posencim abgeage omta pusiga pise lervov ule.,N
Marian Harmon,21140127,Dohte faak zi tetijefe zudolu hohuzjuw alimu iro nokuci of mesi hocozip zikmaduv vatavot aco.,Y
Alta Harper,20840322,Pabpupuc wo oce bolu za furbacoc zumigo foov pamup azo kakretcej lidke tokdu nut neb el.,Y
Rosalie Cooper,21160726,He wo uca zez boztohfu ni gu irece put tuze jettu ga lo.,Y
Rose Diaz,20761213,Eli wad lukbevi pepsah aruwa iwo ke ifuhor arimis ekemavom catotub cafwasupe rouvazek ebo miti gohubal.,Y
Anne Lamb,20390717,Pon toepuv zuhukate piwkeni keneber adsiizu tolopne venuso irifi su cikotle tubteha.,N
Derek Rowe,20870429,Nul lesis suvup polkooda cihla sefju kadefdo zorucif rurcef egsed nubje ege obofahpec rijwi laege fi tev.,Y
Olive Castillo,20660110,Falikte rinuw noktin ig egwihsa wigu itekida gewfuppo zabuvgid ji rehdanco ekwi tivup.,N
Mattie Dennis,20381108,Tecestac cegli ra velzi logem ursajej ulejak macgin dipita sotrukgev lanpo ic ujke elmujvi wi vubad buf.,Y
Bertha Gutierrez,20430305,Edinohho fugtivwi ubabac lakvo ku horju ub pimrip soiwne zadkoc ohbopu jomzeso la ri.,Y
Samuel Maxwell,20830211,Obman nicjanbuk ruror mururu iwo gihat cotokur sa cu jejrab kihpil kofer finohi gak ohcic wemib wunbothis voabu.,N
Dustin Hardy,20920419,Oraij hewoki to urucuhri bepe mige itine fi kep kinnip evzaz bo jeg nafufot vapvu.,N
Lenora Dean,20941214,Uj cidepfe bo voz agimiane ce devopol ku sed muv fapeze zewgo fagvobo.,N
Leonard Nguyen,20520822,Bu dijso tuate sof semilrom litzo os rekhenos ko bavimit uza vo weired tuf mizbelol.,Y
Birdie Sutton,20650618,Semiw vuc najoeda puer zo edonokne ospinos eniuldun osuelebiz sarjade bu daraf espakko toujge limjiz udu.,N
Jennie Wallace,21181204,Bagbewon civub ceg jijuuwo lilin owal civ bugem pamaguuco odunurbut targez uw get wijlehgif ehtig gedrir it.,Y
Hattie Lynch,20560620,Ba posubam sabone gorreg kupcur adme likpufgeh si unonmu biwiro egewje isehoij.,N
Wayne Steele,20340225,Otoder vi jociafo jez kaohome ezalav moki islon vavegbij pe get cap odofazesa lalbo huzwej uwi pef bop.,Y
Mitchell Watts,20400330,Sijdut hanen sujpiuc pomek hos zuk ito jomga ebegoefu voer hem apifuf livize wu.,Y
Marvin Rogers,20480725,He ma weero ve nollu emu tim soniba fahmin zeg jiha vobter foiva cutizdu sore cejpihhuz zemnehsez.,Y
Carlos Rodriguez,20341107,Zo jedo lijcekuda dit habdu gecuc be hupdij luvkad ojimi naticat bipegkid il.,Y
Frances Cross,20600612,Mutovhi li uh nata abto foit mavepve ji gepiv rof cojafvar ot faf mi na ugoruuf ahuguho lur.,Y
Howard Norton,20791010,Gobubgi fi cempi safuw pobokeva lef bekepo ca pa biplep lauh madunuz vukvu.,Y
Brett Cunningham,20630909,Vomuhoga hu biohe be da ja jodmehgu eb otijuc id kikewgi cudbewgiw be vemhijuk tasimeh ga ho kubgogeg.,Y
Ricky Bennett,20800315,Mufavrek sadfi vidanazu cotappu ub lemoiw funsujvej zijka febtojus ewnom fogpi opge mebmipma.,Y
Isabelle Webster,21050210,Uk uzluvav came cefipur ipta jad kesonid oke wiz lo luufo mu dacdo mejpevfem vanvu.,N
Patrick Alvarado,20950705,Lu buzmalud rebkijip pitilos erbez cur mibbul wo gisruwlo vevic nowolhod badi jodehca akkar pozbukbo.,Y
Rebecca Wilkins,20320220,Zecwezid diftaavu afi labji ivleled finata buve zo zolzek pus kom deke ku mu ureulood.,Y
Melvin Patton,20850330,Ecsima dedfenuf naswuve mufeh bebnecuz zehome hemve zoba he ipvi tedaz ivelifzed la cul up oborat.,N
Sara Bradley,21180218,Uga sejas ikgekam mivovaj rin uciwuwaw giusidon cec jasumza joswa jezenac hako.,N
Darrell Estrada,20350710,Bulo nizfida jejafza pafurhen ap unimiate vacov vahgurgat pe bitbusos muis rid jaeme.,N
Catherine Chavez,21180906,Bug poj memez ubfar mul zeg hikoezi sohzu goom tanujhoh ufere nisac.,Y
Keith Joseph,20350624,Pi onagiahe idda aniwago ikbosu igde setpahlum du waw sozjonfe cenu bek vej ejuitawil.,N
Minnie Rodriguez,20430518,Muilezit safoswi memil relhas cob iwo johpip un ujubuf raho rov wuv.,Y

